Words,Frequency
Whatâ€™s,4
up,8
guys!,5
My,3
home-secret,1
Mango,19
Pickle,1
recipe,16
is,26
out,13
now,4
on,19
YouTube!,1
Check,1
it,45
now!,1
This,1
the,60
best,3
ever,3
Punjabi,1
aam,3
ka,3
achaar,2
you,24
are,5
gonna,1
"have!
This",1
my,12
Chaijiâ€™s,1
which,1
I,22
have,22
learnt,1
from,14
Maa.,1
Itâ€™s,3
most,3
delicious,11
mango,5
pickle,1
always,1
been,3
having,2
since,1
was,1
a,43
kid.,1
It,4
has,3
this,30
distinct,1
saunf,2
flavor,1
&,46
call,1
aur,1
achaar.,1
never,4
tasted,1
anything,2
like,5
ever.,1
Do,4
try,6
let,3
me,6
know.,1
share,2
video,10
with,30
as,9
many,5
people,2
possible,3
so,8
that,4
everyone,3
could,3
enjoy,3
mere,1
ghar,1
ke,1
at,19
their,3
"homes!
I",1
request,1
to,47
please,1
learn,2
your,15
home,8
secret,3
recipes,10
"Granny,",1
"grandfather,",1
mom,1
dad,1
keep,2
legacy,1
going.,1
Share,1
those,2
recipes.,3
"Also,",1
donâ€™t,3
make,9
gender,1
specific,1
role,1
these,6
traditions,1
alive,1
teach,1
men,1
women,1
if,2
one,8
who,2
knows,1
some,20
learning,1
"side,",1
today,1
self!,1
Also,1
do,1
"me,",1
will,10
recreate,1
in,28
kitchen!,1
Looking,2
forward!,1
"Cheers!
.
.
.
.
#recipes",3
#foodie,17
#achaar,1
#mango,1
#mangoseason,5
#mangorecipe,1
#nostalgia,1
#oldrecipes,1
#streetfoodindia,10
#mangoachar,1
#sanjyotkeer,8
#yourfoodlab,8
#foodphotography,9
#darkphotography,1
#moody,1
#throughyourlens,3
Tava,1
Burger,1
by,10
Chef,5
"@sanjyotkeer
.
.
.
.
#recipe",2
#foodporn,12
#indiancuisine,7
#streetfood,12
#burger,1
#burgerrecipe,1
Home-made,3
Squash,3
"@sanjyotkeer

Whatâ€™s",2
prepped,5
4,2
"Frooti,",2
Ice,4
"Tea,",2
Milkshake,2
"Candy.
I",2
mentioned,2
all,12
tips,2
tricks,2
prepare,4
squash,2
without,6
any,2
preservatives,2
can,6
even,2
after,2
season,2
"over.
Do",2
check,2
know!,2
"Cheers!
.
.
.
.
#recipe",2
#icetea,2
#mangomilkshake,2
#mangolover,4
#frooti,2
#recipeoftheday,4
#homemade,7
#mangolove,2
#instadaily,2
new,4
YFL,3
live,3
YouTube,6
channel!,2
LIVE,1
-,1
"Sunday,",1
23/05/2021,1
12:30,2
pm,2
"IST

After",1
successful,1
session,2
last,1
week,1
am,3
doing,1
another,1
cooking,2
stream,1
tomorrow.,1
be,6
Mumbai,3
street,5
style,2
"sandwiches,",1
an,4
absolute,1
favourite.,1
As,1
know,1
love,7
recreating,1
food,3
kitchen.,1
fun,1
where,2
answer,1
lot,3
of,36
questions,1
also,3
cook,3
"live.
If",1
want,1
along,1
find,1
ingredients,1
sandwich,3
masala,1
toast,1
YouTube.,1
You,4
pre,1
prep,1
components,1
then,1
sandwiches,1
for,28
Sunday,1
evening.,1
See,1
tomorrow,1
"IST.
Cheers!
.
.
.
.
#recipe",1
#cooking,1
#cookingvideos,1
#cookingathome,1
#cookinglive,1
#sandwich,2
#mumbaisandwich,1
#livestream,1
Missi,2
Roti,2
made,3
white,6
butter,7
"@sanjyotkeer

I",1
had,2
received,2
requests,2
show,2
how,2
churn,2
easily,2
would,2
able,2
home-made,2
quickly,2
"recipe.
The",2
missi,2
roti,2
turns,2
super,7
used,2
dal,2
knead,2
dough.,4
healthy,2
makes,4
really,3
good,4
breakfast,3
or,7
lunch,2
"meal.
I",2
included,2
special,4
chutney,3
well,3
video.,2
Enjoy,2
recipe!,2
#makhan,2
#butter,2
#missiroti,2
#homemadefood,3
New,2
Facebook,2
"butter.
I",1
Chicken,3
Hakka,1
Noodles,1
#food,18
#noodles,1
#noodleslover,1
Stuffed,4
Kulfi,4
"guys!
I",1
prepared,2
"perfect,",2
rich,2
creamy,3
Malai,3
kulfi,4
and,47
Iâ€™ve,2
set,4
fresh,6
mangoes!,2
looks,2
beautiful,3
when,2
serve,4
tastes,2
incredible.,2
Best,2
"part,",2
need,4
mould,2
simple.,2
get,3
fruit,2
kulfis,2
Delhi,3
just,8
whole,2
concept.,2
"recipe,",3
sure,2
"it!
Cheers!
.
.
.
#mango",2
#mangoicecream,2
#kulfi,2
#mangokulfi,2
#kulfilovers,2
#dessert,2
#dessertsofinstagram,2
#instadailyphoto,2
#stuffedkulfi,2
!,1
Tired,2
staring,2
screen,2
day,6
feel,2
"good,",2
"strong,",2
foamy,2
cuppa?,2
With,2
Sunbean,2
Beaten,2
Caffe,2
"@itcsunbean,",2
cup,15
beaten,2
coffee,4
30,4
seconds!,2
No,2
more,4
whipping,2
till,4
elbows,2
hurt!,2
A,2
bad,2
better,3
than,2
"!

#BeatenCoffeeHack,",2
#Sunbeanbeatencaffe,2
#BeatenCoffee,2
#easycoffeeeasytimes,2
#dalgonacoffee,2
#coffee,3
#coffeelover,2
#coffeetime,2
#coffeeholic,2
Tomato,1
Bonda,1
amazing,2
twist,1
regular,1
bonda!!!,1
Try,1
easy,1
yet,4
tasty,2
weekend,1
ğŸ˜€,2
Cheese,8
Pav,8
bhaji,6
version,2
we,3
tasted.,2
We,3
tried,2
convenient,2
cheesy,4
way,2
@gocheesein,2
ğŸ˜‹This,2
specially,2
cheese,7
lovers,2
there,2
cause,2
#HarTastyCheezMeinGoCheese,2
!!!,5
"Ingredients:
2",2
Refined,2
"Flour
1/2",2
"Water
1/2",2
Warm,2
"Milk
1",2
tsp,13
"Salt
1",2
"Yeast
1/2",2
"Sugar
1",2
"Oil
1",2
"Bhaji
Go",2
Pizza,6
"Cheese
Butter

Method:

In",2
warm,3
milk,3
add,9
sugar,2
yeast,2
rest,2
10,3
minutes.,2
Once,2
mixture,4
become,2
bubbly,2
refined,2
flour.,2
Add,7
salt,5
water,2
flour,2
combine,2
soft,4
Rest,3
minutes,2
doubles,2
"size.
â€”
In",2
pav,2
grated,2
Go,4
Cheese.,2
Mix,3
"well.
â€”
Puncture",2
dough,2
roll,2
it.,8
Cut,2
circles,2
sheet,2
help,2
cookie,2
"cutter.
â€”
Spread",2
shape,2
shown,2
"video.
â€”
Arrange",2
shapes,2
form,2
flower,2
between,2
two,2
"petals.
â€”
Bake",2
@200,2
degree,3
15-20,2
"minutes.
â€”
Serve",2
hot,5
dip,2
ketchup!!!,2
#cheese,4
#pavbhaji,3
#cheesy,3
#gocheese,2
#foodrushrecipe,2
#recipe,7
#bakery,2
#bread,4
#twist,2
#party,2
Paneer,1
Bread,1
Pakora,1
Sound,1
exciting,1
"right,",1
its,2
first,2
bite,1
ğŸ˜‹,2
#paneer,2
#pakora,1
#fried,2
#breadpakoda,1
#masala,1
#streetstyle,1
#india,1
#indian,1
#indianfood,5
Happy,1
year,1
foodies!!,1
ğŸ¥³ğŸ¥³ğŸ¥³Try,1
Hot,1
Chocolate,1
Bombs,1
winter,1
comfortable,1
ğŸ˜‰,1
These,1
magical,1
chocolate,1
bombs,1
melt,2
ğŸ˜‹#newyear,1
#chocolate,1
#coco,1
#cocoa,1
#bombs,1
#chocolatebomb,1
#hotchocolate,1
#winter,1
#winterseason,1
#magic,1
Egg,2
chilli,3
Want,1
plan,1
easier,1
fastest,1
Year,1
eve,1
simplest,1
tastier,1
indo,1
Chinese,1
#egg,1
#indochinese,1
#chinese,1
#chinesefood,1
#recipes,3
#foodstagram,2
#fusion,1
#chilli,1
#newyear,1
#newyear2021,1
#newyeareve,1
tikka,1
mouthwatering,1
juicy,2
grilled,2
chicken,7
Its,1
using,2
green,4
"chilli,",1
"garlic,",1
"lemon,",1
malai,1
ingredient,1
thats,1
@californiawalnutsindia,1
Walnuts,1
not,1
taste,1
but,1
healthier,1
kebab,1
skewers,1
mouth,1
"ğŸ˜‹

Ingredients",1
":
500",1
gm,1
Salt,1
"taste
1/4",1
Black,1
"Pepper
1.5",1
tbsp,7
Ginger,1
Garlic,1
Paste,1
2,1
California,3
"Walnuts
3/4",1
Hung,1
"Curd
1/2",1
Fresh,3
"Cream
1",1
Green,1
"Chillies
1",1
Garam,1
"Masala
1",1
Kasuri,1
"Methi
1",1
"Coriander
1",1
Corn,1
"Starch
Finely",1
Chopped,1
"Walnuts
Butter

Method:

Marinate",1
"salt,",2
black,1
pepper,2
ginger,2
garlic,4
paste.,1
15,1
"minutes.
â€”
Make",1
fine,1
paste,2
"walnuts.
â€”
In",1
bowl,5
take,4
hung,1
"curd,",1
"cream,",1
"chillies,",1
kauri,1
"methi,",1
walnuts,2
"paste,",1
coriander,1
cornstarch.,1
"well.
â€”
Add",1
marinated,1
coat,1
pieces,1
"it.
â€”
Place",1
small,2
over,5
mixture.,1
In,1
heated,1
coal,2
ghee,1
cover,1
immediately.,1
Let,1
covered,1
2-3,1
"minutes.
â€”
Remove",1
chopped,3
mix,3
"again.
â€”
Thread",1
into,1
skewer.,1
Grill,1
medium,1
low,1
flame,1
around,1
5-10,1
"minutes.
â€”
Squeeze",1
lemon,1
juice,1
garnish,2
cream,2
"coriander.
â€”
Serve",1
"!!!

#MakingEverydayHealthy",1
#californiawalnuts,1
#chicken,1
#grill,1
#malaichicken,1
Whip-up,1
delectable,1
Open,1
Toast,2
loaded,1
goodness,1
Austrian,3
triangles,2
whenever,1
hunger,1
strikes.,1
especially,1
produced,1
finest,1
ingredients.,1
use,1
Blue,1
France,1
"ğŸ˜‰
This",1
post,1
funded,1
aid,1
European,1
"Union.

Ingredients",1
":

Baguette",1
"Slice
Melted",1
"butte
Austrian",1
"Triangles
1",1
Oregano,2
"herbs
1",1
"Garlic
1",1
"Butter
1",1
Balsamic,2
"Vinegar
1/2",1
Cherry,1
"Tomato
Salt",1
"taste
Pepper",1
"taste
Pesto",1
"Sauce
Basil",1
"Leaves

Method:
Spread",1
melted,1
baguette,2
slice.,2
Bake,1
200,1
celcius,1
"minutes.
--
In",1
triangle,1
herbs,1
finely,1
mIx,1
"well.
--
In",1
flat,1
pan,1
butter.,1
vinegar,1
cherry,1
tomatoes,1
"taste.
--
Take",1
baked,1
Spread,1
Seasoned,1
roasted,2
tomatoes.,1
spread,1
pesto,1
sauce,1
basil,1
"leaves.
--
Serve",1
favorite,1
condiments,1
"!!

#EnjoyitsFromEurope",1
#EuropeHomeOfCheese,1
#AustrianCheese,1
#foodofinstagram,1
#opentoast,1
Now,1
experience,1
Royal,1
Biryani,1
@behrouzbiryani,1
half,1
priceğŸ¤©ğŸ¤©,1
Use,1
code,1
ROYAL50,1
50%,1
off,1
www.behrouzbiryani.com,1
T&C,1
"applied*
.
#foodieincarnate",1
#BehrouzBiryani,1
#reelitfeelit,4
#reelkarofeelkaro,4
#reelsinstagram,4
#reels,4
#biryani,1
#biryanilovers,1
#biryanilove,1
#biryanirecipe,1
#biryanilover,1
family,1
"4,00,000+",1
peopleâ¤â¤,1
From,1
being,1
top,1
getting,2
page,2
"deleted,",1
starting,1
again,2
reaching,1
top..this,1
incredible,1
journey,1
wouldn't,1
support,1
guys.,2
Thank,2
every,2
single,2
you.,1
The,3
"admirers,",1
haters..every,1
played,1
part,1
becoming,1
big.,1
And,1
yes!,1
Much,1
seen,3
before,2
content,1
coming!,1
So,1
stay,1
"tunedğŸ¤—
.
P.S.",1
no,1
plastic,1
balloons,1
celebration,1
because,1
unlike,1
other,4
"influencers,",1
care,1
environment,1
doesn't,1
come,1
hibernation,1
only,1
Holi,1
"DiwaliğŸ¤­ğŸ¤—
.
#foodieincarnate",1
#amarsirohi,2
#sodelhi,6
#foodblogger,6
#delhifoodblogger,7
#delhifoodbloggers,3
#delhibloggers,1
#indianfoodblogger,7
#indianfoodbloggers,8
#foodbloggers,1
#lifestyleblogger,1
#delhiblogger,1
#mumbaiblogger,1
#kolkatablogger,1
#bangaloreblogger,1
#foodblog,1
#delhifoodie,7
#mumbaifoodie,6
#kolkata,2
#400K,1
#mumbaifoodblogger,7
#indoreblogger,1
#indorefoodblogger,1
#kolkatafoodblogger,1
#delhifoodblog,1
#kolkatafoodie,1
#raipurfoodblogger,1
Indore's,1
Famous,3
MURDER,1
Wala,1
Coconut,1
"CrushğŸ˜³ğŸ˜³

Kindly",1
watch,5
full,5
"location,",3
price,3
"detailsğŸ¤—ğŸ¤—
.
#foodieincarnate",3
#newdelhi,5
#foodtalkindia,7
#delhigram,4
#foodgasm,3
#foodpornshare,3
#foodlover,3
#foodgram,3
#foodiesofinstagram,4
#indianstreetfood,9
#delhistreetfood,4
#mumbaistreetfood,6
#indianfoodie,7
#desikhana,7
#delhifood,6
#mumbai,3
#delhi,6
#indore,2
#coconutcrush,1
Cutie,1
Pie,1
PizzağŸ•ğŸ•,1
35,1
Rs,1
"onlyğŸ¤—ğŸ¤—
.
#foodieincarnate",1
#pizza,2
#pizzalover,1
Somewhere,1
Central,2
"IndiağŸ‡®ğŸ‡³
.
Who",1
excited,1
dishes,1
"region??
.
#foodieincarnate",1
#travelblogger,1
#madhyapradhesh,1
#chattisgarh,1
#centralindia,1
#shivpuri,1
#guna,1
#gwalior,1
#biaora,1
#dewas,1
#ashoknagar,1
#bhopal,1
#blogger,1
#vidisha,1
#ujjain,1
#sagar,1
#katni,1
#jabalpur,1
#bilaspur,1
#korba,1
#raipur,1
#satna,1
ThumsUp,1
Milk,1
"KolkatağŸ¥µğŸ¥µ

Kindly",1
#doodhcola,1
Moonglet,1
"Ghaziabadâ¤ï¸
.
Watch",1
channel.,2
Link,2
"bioğŸ¤—
.
#foodieincarnate",1
#moonglet,1
#ghaziabad,1
CHEESIEST,1
TRIPLE,1
DECKER,1
SANDWICH,1
"ğŸ˜±ğŸ˜±
.
Ingredients:",1
"cheese,",2
"mayonnaise,",1
tomato,1
"ketchup,",1
"sauce,",1
vegetables,1
choice,1
spread.,1
"Butter,",1
"milk,",1
second,1
"spread.ğŸ¤—ğŸ¤—
.
#foodieincarnate",1
#desifood,8
#breadpizza,1
#delhifoodguide,1
#delhifoodies,1
#food52,1
#indianrecipes,2
#indiancooking,1
India's,2
Biggest,1
Papdi,1
"ChaatğŸ¤©ğŸ¤©

Kindly",1
#mainpuri,1
#farrukhabad,1
Modi,1
jee,1
ne,1
bhi,1
khaaya,1
hai,1
ye,1
dahi,1
"bhallağŸ˜³ğŸ˜³
.
Watch",1
"bioğŸ¤—ğŸ¤—
.
#foodieincarnate",1
#dahibhalla,1
#modi,1
#chaat,1
Mumbai's,1
famous,2
Flying,2
Vada,1
"Pav

#streetfood",1
#vadapav,1
Dosa,3
"Mumbai

#streetfood",4
#thingstoeatinmumbai,1
#southindianfood,3
biggest,1
Jumbo,1
Gola,1
Balaji,1
Beach,1
"shack,",1
Juhu,1
"beach

#streetfood",1
#gola,1
#mumbaifoodlovers,4
#things2doinmumbai,1
Rajnikanth,1
Style,1
"Hindmata,",1
"Dadar

Dosa",1
served,2
"boss!
#indianstreetfood",1
#dosa,2
#mumbaifood,3
Bhaji,1
heart,1
soul,1
Mumbaikar,1
"â¤ï¸

Utterly",1
Butterly,1
Sardar,1
ki,1
"Bhaji,",1
"Tardeo,",1
#INDIANfoodbloggers,1
Super,2
Cheesy,3
Jini,1
Anand,1
"Stall,",1
#masaladosa,1
#cheeselover,3
Paniyaram,1
Aunty,1
"Dosa,",1
opp.,1
Star,1
"Bazar,",1
Andheri,1
"(w),",1
#paniyaram,1
#egglover,1
#eggilicious,1
#foodofmumbai,2
Sigdi,1
wala,1
Desi,1
Pasta,1
WTC,1
"Pasta,",1
"Khaugalli,",1
"Ghatkopar

Creamy,",1
yummy,1
"ğŸ˜‹

#streetfood",1
#pasta,3
#yummy,1
Delicious,1
Masala,1
"Kulcha!

Where",1
:,1
Ke,1
Mashoor,1
Chole,1
"kulche,
Backside",1
Vadodara,1
"Mall,",1
"Alkapuri,",1
"Vadodara

#streetfood",1
#chole,1
#kulcha,1
#vadodarafoodies,1
Aloo,1
Buns,1
Recipe,1
"Microwave!

#streetfood",1
#buns,1
Matcha,1
Coffee?,1
"@rubyscafe

#rubyscafe",1
#cafe,1
#rubys,1
#nycfood,10
#nycdrinks,1
#matcha,1
#icedcoffee,1
#cheers,1
#thisorthat,1
spot,2
snack?,1
@infatuation_nyc,1
added,1
14,1
spots,1
list,1
May,1
"openings,",1
including,1
bistro,1
"Noho,",1
taco,1
takeout,1
window,1
Prospect,1
Lefferts,1
"Gardens,",1
more.,1
Read,1
just-updated,1
"guide,",1
"bio.

ğŸ“¸:",1
"@ericmedsker

#infatuationnyc",1
#eeeeeats,1
#nycfoodie,4
#nyc,3
#eatnyc,3
#new,1
#restaurant,2
#snack,1
#chips,1
#potato,2
@diandi.nyc,1
Vietnamese,1
pot,1
housemade,1
sauces,1
hand,1
shrimp,1
scallion!,1
3,1
cuts,1
"beef,",1
Cana,1
noodles,1
assorted,1
veggies,1
"ğŸ˜

#diandi",1
#vietnamesefood,1
#vietnamese,1
#hotpot,1
#yum,5
#greenpoint,1
#brooklyn,3
@macchinanyc,1
pop-up,1
going,1
@thebedfordnyc,1
right,1
NEEDS,1
parm,1
"sliders!!

#TheBedfordNYC",1
#macchina,1
#macchinanyc,1
#popup,1
#collab,1
#chickenparm,1
#sliders,1
Wow,1
@gage.and.tollner,1
Butter,1
Roasted,1
Hashbrown,1
ğŸ™Œ,1
50+,1
layers,1
thinly,1
sliced,1
"potatoes,",1
clarified,1
crisp-edged,1
"perfection,",1
topped,1
flaky,1
sea,1
pool,1
"cream.

Swipe",1
â¬…ï¸,1
@dan__grossmanâ€™s,1
expert,1
(and,1
very,1
soothing,1
ğŸ’†),1
hashbrown-building,1
"process!

ğŸ“¸:",1
"@lizzieamunro

#gageandtollner",1
#nyceats,2
#brunch,1
#hashbrowns,1
#gourmet,1
#eat,3
Whoâ€™s,1
down,1
pasta,1
pick,1
@rosemarysnyc,1
rigatone,1
alla,1
vodka,1
hit,1
"ğŸ˜

#rosemarys",1
#rigatone,1
#rigatoni,1
#vodka,1
#vodkasauce,1
Good,1
morning,1
@guevarasongrand,1
Empanadas,1
Breakfast,1
"â›…ï¸

ğŸ“¸:",1
"@kilnandkitchen

#food",1
#goodmorning,1
#empanadas,1
#breakfast,1
#guevaras,1
Pro,1
tip,1
through,1
week:,1
head,1
@murrayscheese,1
cheeseboard,1
dinner,1
@lorrainestl,1
"ğŸ§€ğŸŒº

#cheese",1
#murrayscheese,1
#cheeseboard,1
#charcuterieboard,1
#charcuterie,1
#shoplocal,1
Taco,1
Tuesday,1
vibes,1
@nenestaqueria,1
"ğŸŒ®

#taco",1
#tacotuesday,1
#tacos,1
#birria,1
#birriatacos,1
#nenes,1
#taqueria,1
@mariocarboneâ€™s,1
"kitchen,",1
@carbonefinefood,1
newest,1
original,1
Penne,1
Spicy,1
Shrimp,1
Arrabiata,1
Sauce,1
ğŸ˜,1
Become,1
email,1
subscriber,1
"recipe!

#carbone",1
#penne,1
#shrimp,1
#arrabiata,1
#sauce,1
#spicy,1
#newyorkcity,1
